Num,config,Num_Fe,a1,a2,a3,a4,a5,a6,a7,a8,a9,Etot_htr,dEform_eV,Emca_meV,Damp,  # 0:Fe 1:Co
001,CCCCCCCCC,0,1,1,1,1,1,1,1,1,1,-13643.9158773288,0.000000,0.8803,0.0059593868
002,CCCCCCCCF,1,1,1,1,1,1,1,1,1,0,-13523.2466654015,-0.119632,0.6979,0.0114879840
003,CCCCCCCFC,1,1,1,1,1,1,1,1,0,1,-13523.2528966034,-0.289191,0.8625,0.0133982785
004,CCCCCCCFF,2,1,1,1,1,1,1,1,0,0,-13402.5743131958,-0.153812,1.4326,0.0090738388
005,CCCCCCFCC,1,1,1,1,1,1,1,0,1,1,-13523.2490205579,-0.183719,-0.0732,0.0103120091
006,CCCCCCFCF,2,1,1,1,1,1,1,0,1,0,-13402.5800803859,-0.310745,0.6208,0.0069263412
007,CCCCCCFFC,2,1,1,1,1,1,1,0,0,1,-13402.5822206497,-0.368985,0.3646,0.0078357370
008,CCCCCCFFF,3,1,1,1,1,1,1,0,0,0,-13281.9052387329,-0.277184,1.0569,0.0087828600
009,CCCCCFCCC,1,1,1,1,1,1,0,1,1,1,-13523.2490410300,-0.184276,0.1367,0.0079819308
010,CCCCCFCCF,2,1,1,1,1,1,0,1,1,0,-13402.5805319170,-0.323032,0.2060,0.0096904782
011,CCCCCFCFC,2,1,1,1,1,1,0,1,0,1,-13402.5893439071,-0.562819,0.0452,0.0101198260
012,CCCCCFCFF,3,1,1,1,1,1,0,1,0,0,-13281.9085713651,-0.367870,0.5114,0.0140835043
013,CCCCCFFCC,2,1,1,1,1,1,0,0,1,1,-13402.5784406578,-0.266126,-0.5615,0.0109923820
014,CCCCCFFCF,3,1,1,1,1,1,0,0,1,0,-13281.9082439967,-0.358962,-0.4596,0.0251849720
015,CCCCCFFFC,3,1,1,1,1,1,0,0,0,1,-13281.9107388822,-0.426851,0.5629,0.0126276520
016,CCCCCFFFF,4,1,1,1,1,1,0,0,0,0,-13161.2329645673,-0.313488,0.6164,0.0114570323
017,CCCCFCCCC,1,1,1,1,1,0,1,1,1,1,-13523.2493542435,-0.192799,0.4594,0.0072892336
018,CCCCFCCCF,2,1,1,1,1,0,1,1,1,0,-13402.5811349272,-0.339441,0.7077,0.0061147808
019,CCCCFCCFC,2,1,1,1,1,0,1,1,0,1,-13402.5857619384,-0.465348,-0.5044,0.0155595471
020,CCCCFCCFF,3,1,1,1,1,0,1,1,0,0,-13281.9077227632,-0.344778,0.5802,0.0109217460
021,CCCCFCFCC,2,1,1,1,1,0,1,0,1,1,-13402.5845067841,-0.431194,-0.6352,0.0078538665
022,CCCCFCFCF,3,1,1,1,1,0,1,0,1,0,-13281.9152737557,-0.550251,-0.3621,0.0147180714
023,CCCCFCFFC,3,1,1,1,1,0,1,0,0,1,-13281.9182315679,-0.630738,-0.3079,0.0098687044
024,CCCCFCFFF,4,1,1,1,1,0,1,0,0,0,-13161.2399628051,-0.503920,-0.0892,0.0206328062
025,CCCCFFCCC,2,1,1,1,1,0,0,1,1,1,-13402.5787823892,-0.275425,-0.3681,0.0080893792
026,CCCCFFCCF,3,1,1,1,1,0,0,1,1,0,-13281.9102624039,-0.413885,-0.3587,0.0130287954
027,CCCCFFCFC,3,1,1,1,1,0,0,1,0,1,-13281.9185858079,-0.640377,-0.1987,0.0075359456
028,CCCCFFCFF,4,1,1,1,1,0,0,1,0,0,-13161.2380853391,-0.452832,0.3552,0.0157851518
029,CCCCFFFCC,3,1,1,1,1,0,0,0,1,1,-13281.9086002380,-0.368656,-0.6669,0.0088537838
030,CCCCFFFCF,4,1,1,1,1,0,0,0,1,0,-13161.2382763720,-0.458030,-0.5556,0.0303066243
031,CCCCFFFFC,4,1,1,1,1,0,0,0,0,1,-13161.2398883665,-0.501895,0.3787,0.0158577456
032,CCCCFFFFF,5,1,1,1,1,0,0,0,0,0,-13040.5619272558,-0.383449,1.1265,0.0077444355
033,CCCFCCCCC,1,1,1,1,0,1,1,1,1,1,-13523.2519001251,-0.262076,0.6182,0.0098796259
034,CCCFCCCCF,2,1,1,1,0,1,1,1,1,0,-13402.5833971357,-0.400999,1.0953,0.0096096230
035,CCCFCCCFC,2,1,1,1,0,1,1,1,0,1,-13402.5875635741,-0.514373,0.7238,0.0077361674
036,CCCFCCCFF,3,1,1,1,0,1,1,1,0,0,-13281.9099323974,-0.404906,1.4087,0.0076924222
037,CCCFCCFCC,2,1,1,1,0,1,1,0,1,1,-13402.5836945320,-0.409091,-1.2089,0.0084293818
038,CCCFCCFCF,3,1,1,1,0,1,1,0,1,0,-13281.9152679880,-0.550094,-0.2368,0.0119161707
039,CCCFCCFFC,3,1,1,1,0,1,1,0,0,1,-13281.9181364118,-0.628148,-0.2360,0.0116262196
040,CCCFCCFFF,4,1,1,1,0,1,1,0,0,0,-13161.2393806165,-0.488078,0.7246,0.0079916378
041,CCCFCFCCC,2,1,1,1,0,1,0,1,1,1,-13402.5873279146,-0.507961,-0.2584,0.0077208403
042,CCCFCFCCF,3,1,1,1,0,1,0,1,1,0,-13281.9189936506,-0.651475,-0.3746,0.0141159772
043,CCCFCFCFC,3,1,1,1,0,1,0,1,0,1,-13281.9275557544,-0.884462,-0.4608,0.0109000533
044,CCCFCFCFF,4,1,1,1,0,1,0,1,0,0,-13161.2463910167,-0.678841,0.8461,0.0098655922
045,CCCFCFFCC,3,1,1,1,0,1,0,0,1,1,-13281.9161217952,-0.573328,-0.8170,0.0130518721
046,CCCFCFFCF,4,1,1,1,0,1,0,0,1,0,-13161.2456772459,-0.659418,-0.7637,0.0233477308
047,CCCFCFFFC,4,1,1,1,0,1,0,0,0,1,-13161.2483884110,-0.733193,0.0166,0.0137202751
048,CCCFCFFFF,5,1,1,1,0,1,0,0,0,0,-13040.5699933044,-0.602937,0.5210,0.0132083387
049,CCCFFCCCC,2,1,1,1,0,0,1,1,1,1,-13402.5804778261,-0.321560,0.2753,0.0093387204
050,CCCFFCCCF,3,1,1,1,0,0,1,1,1,0,-13281.9124828161,-0.474306,0.4583,0.0086879671
051,CCCFFCCFC,3,1,1,1,0,0,1,1,0,1,-13281.9173970303,-0.608029,-0.7421,0.0152852174
052,CCCFFCCFF,4,1,1,1,0,0,1,1,0,0,-13161.2391871561,-0.482814,0.2556,0.0079148944
053,CCCFFCFCC,3,1,1,1,0,0,1,0,1,1,-13281.9157783138,-0.563981,-0.6100,0.0097601660
054,CCCFFCFCF,4,1,1,1,0,0,1,0,1,0,-13161.2462188233,-0.674155,-0.3498,0.0162647435
055,CCCFFCFFC,4,1,1,1,0,0,1,0,0,1,-13161.2491412456,-0.753678,-0.2891,0.0138124593
056,CCCFFCFFF,5,1,1,1,0,0,1,0,0,0,-13040.5706868666,-0.621810,0.4658,0.0111511008
057,CCCFFFCCC,3,1,1,1,0,0,0,1,1,1,-13281.9094800797,-0.392597,-0.5295,0.0110590411
058,CCCFFFCCF,4,1,1,1,0,0,0,1,1,0,-13161.2408701343,-0.528610,0.0192,0.0144257310
059,CCCFFFCFC,4,1,1,1,0,0,0,1,0,1,-13161.2493748605,-0.760035,0.0229,0.0114028271
060,CCCFFFCFF,5,1,1,1,0,0,0,1,0,0,-13040.5689175062,-0.573663,0.3195,0.0166311479
061,CCCFFFFCC,4,1,1,1,0,0,0,0,1,1,-13161.2396311675,-0.494896,-0.6236,0.0104343386
062,CCCFFFFCF,5,1,1,1,0,0,0,0,1,0,-13040.5689003176,-0.573195,-0.7553,0.0238681477
063,CCCFFFFFC,5,1,1,1,0,0,0,0,0,1,-13040.5695637975,-0.591250,-0.0661,0.0194534741
064,CCCFFFFFF,6,1,1,1,0,0,0,0,0,0,-12919.8923454354,-0.493015,1.1724,0.0067291650
065,CCFCCCCCC,1,1,1,0,1,1,1,1,1,1,-13523.2504523941,-0.222681,0.1804,0.0082503127
066,CCFCCCCCF,2,1,1,0,1,1,1,1,1,0,-13402.5811297788,-0.339301,0.3110,0.0096935205
067,CCFCCCCFC,2,1,1,0,1,1,1,1,0,1,-13402.5873406749,-0.508308,0.1605,0.0121370748
068,CCFCCCCFF,3,1,1,0,1,1,1,1,0,0,-13281.9091044307,-0.382375,0.5684,0.0076082914
069,CCFCCCFCC,2,1,1,0,1,1,1,0,1,1,-13402.5838459499,-0.413212,-0.6959,0.0084560232
070,CCFCCCFCF,3,1,1,0,1,1,1,0,1,0,-13281.9145593179,-0.530811,0.0990,0.0099371706
071,CCFCCCFFC,3,1,1,0,1,1,1,0,0,1,-13281.9164709113,-0.582828,-0.3520,0.0105677419
072,CCFCCCFFF,4,1,1,0,1,1,1,0,0,0,-13161.2394080665,-0.488825,0.2626,0.0078588921
073,CCFCCFCCC,2,1,1,0,1,1,0,1,1,1,-13402.5835060690,-0.403963,-1.2443,0.0103569000
074,CCFCCFCCF,3,1,1,0,1,1,0,1,1,0,-13281.9150007033,-0.542821,-1.2664,0.0131390055
075,CCFCCFCFC,3,1,1,0,1,1,0,1,0,1,-13281.9232751462,-0.767980,-1.1376,0.0117468714
076,CCFCCFCFF,4,1,1,0,1,1,0,1,0,0,-13161.2428787570,-0.583267,-0.3109,0.0111651997
077,CCFCCFFCC,3,1,1,0,1,1,0,0,1,1,-13281.9130872908,-0.490755,-1.1711,0.0100899253
078,CCFCCFFCF,4,1,1,0,1,1,0,0,1,0,-13161.2423471698,-0.568802,-1.5970,0.0202646813
079,CCFCCFFFC,4,1,1,0,1,1,0,0,0,1,-13161.2450613369,-0.642658,-0.8790,0.0108349956
080,CCFCCFFFF,5,1,1,0,1,1,0,0,0,0,-13040.5675021657,-0.535150,-0.2987,0.0055893235
081,CCFCFCCCC,2,1,1,0,1,0,1,1,1,1,-13402.5857910506,-0.466141,-0.2382,0.0095422558
082,CCFCFCCCF,3,1,1,0,1,0,1,1,1,0,-13281.9175371067,-0.611840,-0.0859,0.0068472858
083,CCFCFCCFC,3,1,1,0,1,0,1,1,0,1,-13281.9219421075,-0.731707,-1.3394,0.0137322601
084,CCFCFCCFF,4,1,1,0,1,0,1,1,0,0,-13161.2441630210,-0.618214,-0.3852,0.0068720801
085,CCFCFCFCC,3,1,1,0,1,0,1,0,1,1,-13281.9207178027,-0.698392,-1.3443,0.0121802089
086,CCFCFCFCF,4,1,1,0,1,0,1,0,1,0,-13161.2514884850,-0.817550,-0.8787,0.0128047208
087,CCFCFCFFC,4,1,1,0,1,0,1,0,0,1,-13161.2545267127,-0.900224,-1.0414,0.0105418317
088,CCFCFCFFF,5,1,1,0,1,0,1,0,0,0,-13040.5765112795,-0.780300,-0.2833,0.0097818217
089,CCFCFFCCC,3,1,1,0,1,0,0,1,1,1,-13281.9146119970,-0.532244,-0.7869,0.0134333990
090,CCFCFFCCF,4,1,1,0,1,0,0,1,1,0,-13161.2461940040,-0.673480,-0.8704,0.0123884041
091,CCFCFFCFC,4,1,1,0,1,0,0,1,0,1,-13161.2546108416,-0.902514,-0.8951,0.0105729997
092,CCFCFFCFF,5,1,1,0,1,0,0,1,0,0,-13040.5739448748,-0.710465,-0.1830,0.0168896796
093,CCFCFFFCC,4,1,1,0,1,0,0,0,1,1,-13161.2448543659,-0.637026,-1.2872,0.0104902593
094,CCFCFFFCF,5,1,1,0,1,0,0,0,1,0,-13040.5743099864,-0.720400,-1.0504,0.0216626342
095,CCFCFFFFC,5,1,1,0,1,0,0,0,0,1,-13040.5756893896,-0.757936,-0.6002,0.0205135859
096,CCFCFFFFF,6,1,1,0,1,0,0,0,0,0,-12919.8981200042,-0.650149,0.4579,0.0063386849
097,CCFFCCCCC,2,1,1,0,0,1,1,1,1,1,-13402.5795348756,-0.295901,-0.1293,0.0109899044
098,CCFFCCCCF,3,1,1,0,0,1,1,1,1,0,-13281.9111289397,-0.437465,0.0412,0.0103283398
099,CCFFCCCFC,3,1,1,0,0,1,1,1,0,1,-13281.9152007598,-0.548265,-0.3917,0.0101114688
100,CCFFCCCFF,4,1,1,0,0,1,1,1,0,0,-13161.2378054514,-0.445215,0.3514,0.0084366126
101,CCFFCCFCC,3,1,1,0,0,1,1,0,1,1,-13281.9124075267,-0.472257,-2.0371,0.0078047186
102,CCFFCCFCF,4,1,1,0,0,1,1,0,1,0,-13161.2434601372,-0.599087,-1.1865,0.0111036662
103,CCFFCCFFC,4,1,1,0,0,1,1,0,0,1,-13161.2461095106,-0.671181,-1.3168,0.0108924391
104,CCFFCCFFF,5,1,1,0,0,1,1,0,0,0,-13040.5679866925,-0.548334,-0.4266,0.0106063994
105,CCFFCFCCC,3,1,1,0,0,1,0,1,1,1,-13281.9143841591,-0.526044,-1.0895,0.0118569885
106,CCFFCFCCF,4,1,1,0,0,1,0,1,1,0,-13161.2464315628,-0.679944,-0.9333,0.0129884053
107,CCFFCFCFC,4,1,1,0,0,1,0,1,0,1,-13161.2545165344,-0.899947,-1.0934,0.0136838784
108,CCFFCFCFF,5,1,1,0,0,1,0,1,0,0,-13040.5736695745,-0.702974,-0.2174,0.0126424866
109,CCFFCFFCC,4,1,1,0,0,1,0,0,1,1,-13161.2436690310,-0.604772,-1.5961,0.0120308773
110,CCFFCFFCF,5,1,1,0,0,1,0,0,1,0,-13040.5731365224,-0.688469,-1.6041,0.0308440258
111,CCFFCFFFC,5,1,1,0,0,1,0,0,0,1,-13040.5758423802,-0.762099,-1.0768,0.0172274469
112,CCFFCFFFF,6,1,1,0,0,1,0,0,0,0,-12919.8979637165,-0.645896,-0.1343,0.0069612551
113,CCFFFCCCC,3,1,1,0,0,0,1,1,1,1,-13281.9081125523,-0.355385,-0.6960,0.0129677192
114,CCFFFCCCF,4,1,1,0,0,0,1,1,1,0,-13161.2402551891,-0.511876,-0.4078,0.0095977007
115,CCFFFCCFC,4,1,1,0,0,0,1,1,0,1,-13161.2450394449,-0.642063,-1.0542,0.0126018866
116,CCFFFCCFF,5,1,1,0,0,0,1,1,0,0,-13040.5667524603,-0.514749,-0.4496,0.0100001218
117,CCFFFCFCC,4,1,1,0,0,0,1,0,1,1,-13161.2439837537,-0.613336,-1.7427,0.0141304173
118,CCFFFCFCF,5,1,1,0,0,0,1,0,1,0,-13040.5744920037,-0.725353,-1.3709,0.0153082894
119,CCFFFCFFC,5,1,1,0,0,0,1,0,0,1,-13040.5771180301,-0.796811,-1.3845,0.0133922055
120,CCFFFCFFF,6,1,1,0,0,0,1,0,0,0,-12919.8990136013,-0.674465,-1.0905,0.0241461369
121,CCFFFFCCC,4,1,1,0,0,0,0,1,1,1,-13161.2364799289,-0.409146,-1.5650,0.0084350834
122,CCFFFFCCF,5,1,1,0,0,0,0,1,1,0,-13040.5682231253,-0.554768,-1.3214,0.0151144807
123,CCFFFFCFC,5,1,1,0,0,0,0,1,0,1,-13040.5763846023,-0.776853,-1.0276,0.0133208303
124,CCFFFFCFF,6,1,1,0,0,0,0,1,0,0,-12919.8962077008,-0.598113,-1.3575,0.0285950594
125,CCFFFFFCC,5,1,1,0,0,0,0,0,1,1,-13040.5661356233,-0.497964,-1.7165,0.0113851155
126,CCFFFFFCF,6,1,1,0,0,0,0,0,1,0,-12919.8957586340,-0.585893,-1.7256,0.0178651792
127,CCFFFFFFC,6,1,1,0,0,0,0,0,0,1,-12919.8960212403,-0.593039,-0.8946,0.0181227744
128,CCFFFFFFF,7,1,1,0,0,0,0,0,0,0,-12799.2185231253,-0.487192,-0.0671,0.0080026032
129,CFCCCCCCC,1,1,0,1,1,1,1,1,1,1,-13523.2502060311,-0.215977,0.7590,0.0041282804
130,CFCCCCCCF,2,1,0,1,1,1,1,1,1,0,-13402.5804368189,-0.320444,1.1810,0.0078147725
131,CFCCCCCFC,2,1,0,1,1,1,1,1,0,1,-13402.5876892742,-0.517794,1.1327,0.0065062077
132,CFCCCCCFF,3,1,0,1,1,1,1,1,0,0,-13281.9089604855,-0.378458,1.4045,0.0083727599
133,CFCCCCFCC,2,1,0,1,1,1,1,0,1,1,-13402.5841634143,-0.421850,0.1250,0.0092644782
134,CFCCCCFCF,3,1,0,1,1,1,1,0,1,0,-13281.9150713014,-0.544742,0.6665,0.0125115664
135,CFCCCCFFC,3,1,0,1,1,1,1,0,0,1,-13281.9175354356,-0.611795,0.7644,0.0096388098
136,CFCCCCFFF,4,1,0,1,1,1,1,0,0,0,-13161.2405984026,-0.521216,1.5651,0.0080057476
137,CFCCCFCCC,2,1,0,1,1,1,0,1,1,1,-13402.5832711655,-0.397571,-0.1508,0.0077365840
138,CFCCCFCCF,3,1,0,1,1,1,0,1,1,0,-13281.9143192489,-0.524278,0.2865,0.0070093457
139,CFCCCFCFC,3,1,0,1,1,1,0,1,0,1,-13281.9236031422,-0.776906,0.4708,0.0057593819
140,CFCCCFCFF,4,1,0,1,1,1,0,1,0,0,-13161.2429806498,-0.586040,1.1320,0.0090275652
141,CFCCCFFCC,3,1,0,1,1,1,0,0,1,1,-13281.9129946062,-0.488233,-0.4817,0.0095585214
142,CFCCCFFCF,4,1,0,1,1,1,0,0,1,0,-13161.2425679012,-0.574808,0.2369,0.0062589000
143,CFCCCFFFC,4,1,0,1,1,1,0,0,0,1,-13161.2450768190,-0.643080,0.6318,0.0082333107
144,CFCCCFFFF,5,1,0,1,1,1,0,0,0,0,-13040.5673163177,-0.530093,0.6111,0.0091341524
145,CFCCFCCCC,2,1,0,1,1,0,1,1,1,1,-13402.5833629431,-0.400068,-0.0281,0.0085240191
146,CFCCFCCCF,3,1,0,1,1,0,1,1,1,0,-13281.9149689775,-0.541958,0.2479,0.0088464266
147,CFCCFCCFC,3,1,0,1,1,0,1,1,0,1,-13281.9193223797,-0.660420,-1.2039,0.0049200309
148,CFCCFCCFF,4,1,0,1,1,0,1,1,0,0,-13161.2414556351,-0.544542,0.2794,0.0062525325
149,CFCCFCFCC,3,1,0,1,1,0,1,0,1,1,-13281.9180710890,-0.626371,-1.4790,0.0099734685
150,CFCCFCFCF,4,1,0,1,1,0,1,0,1,0,-13161.2491581149,-0.754137,-0.6789,0.0126083144
151,CFCCFCFFC,4,1,0,1,1,0,1,0,0,1,-13161.2518270642,-0.826763,-0.7936,0.0107085396
152,CFCCFCFFF,5,1,0,1,1,0,1,0,0,0,-13040.5734898016,-0.698082,-0.4702,0.0202822029
153,CFCCFFCCC,3,1,0,1,1,0,0,1,1,1,-13281.9128186879,-0.483446,-0.7787,0.0122527056
154,CFCCFFCCF,4,1,0,1,1,0,0,1,1,0,-13161.2442866424,-0.621578,-0.7346,0.0127433094
155,CFCCFFCFC,4,1,0,1,1,0,0,1,0,1,-13161.2526477823,-0.849096,-0.8089,0.0087876370
156,CFCCFFCFF,5,1,0,1,1,0,0,1,0,0,-13040.5719468789,-0.656097,0.1047,0.0132842020
157,CFCCFFFCC,4,1,0,1,1,0,0,0,1,1,-13161.2423460655,-0.568772,-1.0918,0.0062911823
158,CFCCFFFCF,5,1,0,1,1,0,0,0,1,0,-13040.5717007239,-0.649398,-1.2251,0.0431196777
159,CFCCFFFFC,5,1,0,1,1,0,0,0,0,1,-13040.5740302506,-0.712788,-0.1594,0.0161038248
160,CFCCFFFFF,6,1,0,1,1,0,0,0,0,0,-12919.8959569118,-0.591288,0.1238,0.0062152662
161,CFCFCCCCC,2,1,0,1,0,1,1,1,1,1,-13402.5876054387,-0.515513,0.6281,0.0081478254
162,CFCFCCCCF,3,1,0,1,0,1,1,1,1,0,-13281.9188868093,-0.648568,0.6729,0.0095799887
163,CFCFCCCFC,3,1,0,1,0,1,1,1,0,1,-13281.9233077519,-0.768868,0.3566,0.0041788238
164,CFCFCCCFF,4,1,0,1,0,1,1,1,0,0,-13161.2455350330,-0.655548,0.8053,0.0110331837
165,CFCFCCFCC,3,1,0,1,0,1,1,0,1,1,-13281.9192564376,-0.658626,-1.5942,0.0078979695
166,CFCFCCFCF,4,1,0,1,0,1,1,0,1,0,-13161.2505337131,-0.791569,-0.5976,0.0151678278
167,CFCFCCFFC,4,1,0,1,0,1,1,0,0,1,-13161.2534753620,-0.871616,-0.6878,0.0078040593
168,CFCFCCFFF,5,1,0,1,0,1,1,0,0,0,-13040.5745267497,-0.726299,0.0977,0.0123590005
169,CFCFCFCCC,3,1,0,1,0,1,0,1,1,1,-13281.9229284568,-0.758546,-0.0995,0.0073828319
170,CFCFCFCCF,4,1,0,1,0,1,0,1,1,0,-13161.2545102419,-0.899776,-0.4060,0.0097794564
171,CFCFCFCFC,4,1,0,1,0,1,0,1,0,1,-13161.2631431439,-1.134690,-0.5815,0.0083521659
172,CFCFCFCFF,5,1,0,1,0,1,0,1,0,0,-13040.5818777449,-0.926329,0.0874,0.0174863865
173,CFCFCFFCC,4,1,0,1,0,1,0,0,1,1,-13161.2518022593,-0.826088,-0.9724,0.0061890090
174,CFCFCFFCF,5,1,0,1,0,1,0,0,1,0,-13040.5812124315,-0.908225,-0.1972,0.0236051092
175,CFCFCFFFC,5,1,0,1,0,1,0,0,0,1,-13040.5840965708,-0.986707,-0.1338,0.0129959958
176,CFCFCFFFF,6,1,0,1,0,1,0,0,0,0,-12919.9057781342,-0.858538,0.3509,0.0107788319
177,CFCFFCCCC,3,1,0,1,0,0,1,1,1,1,-13281.9160148331,-0.570417,0.0403,0.0064473302
178,CFCFFCCCF,4,1,0,1,0,0,1,1,1,0,-13161.2479085419,-0.720135,0.1887,0.0096800736
179,CFCFFCCFC,4,1,0,1,0,0,1,1,0,1,-13161.2528312023,-0.854087,-0.7877,0.0102437775
180,CFCFFCCFF,5,1,0,1,0,0,1,1,0,0,-13040.5747297255,-0.731822,0.0029,0.0075565394
181,CFCFFCFCC,4,1,0,1,0,0,1,0,1,1,-13161.2509981381,-0.804207,-1.0896,0.0088149039
182,CFCFFCFCF,5,1,0,1,0,0,1,0,1,0,-13040.5813953446,-0.913203,0.0562,0.0130983794
183,CFCFFCFFC,5,1,0,1,0,0,1,0,0,1,-13040.5844573533,-0.996524,-0.2556,0.0122873406
184,CFCFFCFFF,6,1,0,1,0,0,1,0,0,0,-12919.9058872555,-0.861507,-0.0877,0.0219582323
185,CFCFFFCCC,4,1,0,1,0,0,0,1,1,1,-13161.2447732448,-0.634819,-0.4285,0.0100458331
186,CFCFFFCCF,5,1,0,1,0,0,0,1,1,0,-13040.5760746461,-0.768419,-0.1430,0.0141351018
187,CFCFFFCFC,5,1,0,1,0,0,0,1,0,1,-13040.5846366998,-1.001404,0.0547,0.0105544692
188,CFCFFFCFF,6,1,0,1,0,0,0,1,0,0,-12919.9041602787,-0.814514,0.1651,0.0230455934
189,CFCFFFFCC,5,1,0,1,0,0,0,0,1,1,-13040.5747681328,-0.732867,-0.6969,0.0096609840
190,CFCFFFFCF,6,1,0,1,0,0,0,0,1,0,-12919.9039846112,-0.809733,-1.0930,0.0323832640
191,CFCFFFFFC,6,1,0,1,0,0,0,0,0,1,-12919.9049638332,-0.836379,-0.2623,0.0192515410
192,CFCFFFFFF,7,1,0,1,0,0,0,0,0,0,-12799.2275819706,-0.733696,0.7100,0.0058704551
193,CFFCCCCCC,2,1,0,0,1,1,1,1,1,1,-13402.5812786113,-0.343351,0.6094,0.0155303831
194,CFFCCCCCF,3,1,0,0,1,1,1,1,1,0,-13281.9118419152,-0.456866,0.2150,0.0096302641
195,CFFCCCCFC,3,1,0,0,1,1,1,1,0,1,-13281.9184333749,-0.636229,0.7582,0.0116730364
196,CFFCCCCFF,4,1,0,0,1,1,1,1,0,0,-13161.2400807373,-0.507129,1.1328,0.0081119661
197,CFFCCCFCC,3,1,0,0,1,1,1,0,1,1,-13281.9145770786,-0.531294,-0.3741,0.0132038356
198,CFFCCCFCF,4,1,0,0,1,1,1,0,1,0,-13161.2453717203,-0.651104,0.2210,0.0144237778
199,CFFCCCFFC,4,1,0,0,1,1,1,0,0,1,-13161.2471773272,-0.700237,-0.2099,0.0092110027
200,CFFCCCFFF,5,1,0,0,1,1,1,0,0,0,-13040.5701379607,-0.606873,1.2421,0.0081459620
201,CFFCCFCCC,3,1,0,0,1,1,0,1,1,1,-13281.9146856953,-0.534249,-0.6507,0.0080128308
202,CFFCCFCCF,4,1,0,0,1,1,0,1,1,0,-13161.2457910683,-0.662515,-0.7232,0.0101940243
203,CFFCCFCFC,4,1,0,0,1,1,0,1,0,1,-13161.2545127135,-0.899843,-0.7925,0.0081069222
204,CFFCCFCFF,5,1,0,0,1,1,0,1,0,0,-13040.5740131992,-0.712324,0.2327,0.0050870075
205,CFFCCFFCC,4,1,0,0,1,1,0,0,1,1,-13161.2440026380,-0.613850,-0.9499,0.0095679015
206,CFFCCFFCF,5,1,0,0,1,1,0,0,1,0,-13040.5734372220,-0.696651,-1.0958,0.0167765105
207,CFFCCFFFC,5,1,0,0,1,1,0,0,0,1,-13040.5760445405,-0.767600,-0.3533,0.0078213049
208,CFFCCFFFF,6,1,0,0,1,1,0,0,0,0,-12919.8983971933,-0.657692,-0.0174,0.0061726835
209,CFFCFCCCC,3,1,0,0,1,0,1,1,1,1,-13281.9163016164,-0.578221,0.0005,0.0109963712
210,CFFCFCCCF,4,1,0,0,1,0,1,1,1,0,-13161.2479823427,-0.722143,0.0062,0.0148959087
211,CFFCFCCFC,4,1,0,0,1,0,1,1,0,1,-13161.2525039028,-0.845181,-0.8740,0.0123862676
212,CFFCFCCFF,5,1,0,0,1,0,1,1,0,0,-13040.5747098721,-0.731282,-0.3127,0.0087442660
213,CFFCFCFCC,4,1,0,0,1,0,1,0,1,1,-13161.2508521575,-0.800235,-1.2805,0.0124047125
214,CFFCFCFCF,5,1,0,0,1,0,1,0,1,0,-13040.5813892386,-0.913037,-0.5385,0.0086543752
215,CFFCFCFFC,5,1,0,0,1,0,1,0,0,1,-13040.5843886383,-0.994654,-0.7587,0.0144225269
216,CFFCFCFFF,6,1,0,0,1,0,1,0,0,0,-12919.9060899679,-0.867023,-0.2813,0.0138074318
217,CFFCFFCCC,4,1,0,0,1,0,0,1,1,1,-13161.2447994157,-0.635531,-1.0246,0.0156335562
218,CFFCFFCCF,5,1,0,0,1,0,0,1,1,0,-13040.5762251009,-0.772513,-0.8204,0.0186094548
219,CFFCFFCFC,5,1,0,0,1,0,0,1,0,1,-13040.5846162128,-1.000847,-0.4409,0.0215946438
220,CFFCFFCFF,6,1,0,0,1,0,0,1,0,0,-12919.9041387940,-0.813929,-0.1809,0.0130082551
221,CFFCFFFCC,5,1,0,0,1,0,0,0,1,1,-13040.5750757037,-0.741236,-0.9824,0.0226477666
222,CFFCFFFCF,6,1,0,0,1,0,0,0,1,0,-12919.9046502283,-0.827846,-1.6616,0.0238692294
223,CFFCFFFFC,6,1,0,0,1,0,0,0,0,1,-12919.9060157894,-0.865005,-0.6068,0.0135096661
224,CFFCFFFFF,7,1,0,0,1,0,0,0,0,0,-12799.2284394046,-0.757028,0.3062,0.0123794000
225,CFFFCCCCC,3,1,0,0,0,1,1,1,1,1,-13281.9096281613,-0.396627,0.5133,0.0190749165
226,CFFFCCCCF,4,1,0,0,0,1,1,1,1,0,-13161.2409822630,-0.531661,0.6467,0.0164715739
227,CFFFCCCFC,4,1,0,0,0,1,1,1,0,1,-13161.2454262272,-0.652587,0.3364,0.0081410180
228,CFFFCCCFF,5,1,0,0,0,1,1,1,0,0,-13040.5677032853,-0.540623,1.2301,0.0214793923
229,CFFFCCFCC,4,1,0,0,0,1,1,0,1,1,-13161.2423335336,-0.568431,-1.5064,0.0089586820
230,CFFFCCFCF,5,1,0,0,0,1,1,0,1,0,-13040.5732479515,-0.691501,-0.2568,0.0080713619
231,CFFFCCFFC,5,1,0,0,0,1,1,0,0,1,-13040.5763195552,-0.775083,-0.5903,0.0144087483
232,CFFFCCFFF,6,1,0,0,0,1,1,0,0,0,-12919.8979559074,-0.645684,-0.1823,0.0066251497
233,CFFFCFCCC,4,1,0,0,0,1,0,1,1,1,-13161.2441478650,-0.617801,-0.5593,0.0196906677
234,CFFFCFCCF,5,1,0,0,0,1,0,1,1,0,-13040.5761009590,-0.769135,-0.1692,0.0248469469
235,CFFFCFCFC,5,1,0,0,0,1,0,1,0,1,-13040.5843999631,-0.994963,-0.2252,0.0228808628
236,CFFFCFCFF,6,1,0,0,0,1,0,1,0,0,-12919.9035341945,-0.797477,0.5881,0.0121792160
237,CFFFCFFCC,5,1,0,0,0,1,0,0,1,1,-13040.5737285288,-0.704578,-0.8861,0.0277778666
238,CFFFCFFCF,6,1,0,0,0,1,0,0,1,0,-12919.9032261927,-0.789096,-1.3572,0.0173714344
239,CFFFCFFFC,6,1,0,0,0,1,0,0,0,1,-12919.9056262546,-0.854405,-0.1922,0.0206128313
240,CFFFCFFFF,7,1,0,0,0,1,0,0,0,0,-12799.2278996025,-0.742339,-0.0156,0.0105850344
241,CFFFFCCCC,4,1,0,0,0,0,1,1,1,1,-13161.2377443117,-0.443552,-0.1994,0.0162336010
242,CFFFFCCCF,5,1,0,0,0,0,1,1,1,0,-13040.5697958541,-0.597564,0.6702,0.0150171469
243,CFFFFCCFC,5,1,0,0,0,0,1,1,0,1,-13040.5746521064,-0.729710,-0.6988,0.0313286110
244,CFFFFCCFF,6,1,0,0,0,0,1,1,0,0,-12919.8963791524,-0.602778,0.0649,0.0157000326
245,CFFFFCFCC,5,1,0,0,0,0,1,0,1,1,-13040.5733124854,-0.693257,-1.0924,0.0447187468
246,CFFFFCFCF,6,1,0,0,0,0,1,0,1,0,-12919.9039585320,-0.809024,-1.2742,0.0080001297
247,CFFFFCFFC,6,1,0,0,0,0,1,0,0,1,-12919.9065983124,-0.880856,-0.3754,0.0201500091
248,CFFFFCFFF,7,1,0,0,0,0,1,0,0,0,-12799.2286335233,-0.762310,0.0601,0.0114326108
249,CFFFFFCCC,5,1,0,0,0,0,0,1,1,1,-13040.5655593185,-0.482282,-0.5858,0.0127807665
250,CFFFFFCCF,6,1,0,0,0,0,0,1,1,0,-12919.8974908317,-0.633029,-0.7739,0.0176230315
251,CFFFFFCFC,6,1,0,0,0,0,0,1,0,1,-12919.9054659826,-0.850044,-0.0146,0.0181538412
252,CFFFFFCFF,7,1,0,0,0,0,0,1,0,0,-12799.2255245598,-0.677711,-0.7198,0.0055653005
253,CFFFFFFCC,6,1,0,0,0,0,0,0,1,1,-12919.8951415806,-0.569102,-0.6124,0.0264392206
254,CFFFFFFCF,7,1,0,0,0,0,0,0,1,0,-12799.2249754697,-0.662769,-0.8621,0.0163975813
255,CFFFFFFFC,7,1,0,0,0,0,0,0,0,1,-12799.2254145494,-0.674717,-0.6213,0.0192487985
256,CFFFFFFFF,8,1,0,0,0,0,0,0,0,0,-12678.5477268749,-0.563712,1.2763,0.0149680671
257,FCCCCCCCC,1,0,1,1,1,1,1,1,1,1,-13523.2491255120,-0.186575,1.2017,0.0062317703
258,FCCCCCCCF,2,0,1,1,1,1,1,1,1,0,-13402.5803979970,-0.319388,1.7001,0.0056270550
259,FCCCCCCFC,2,0,1,1,1,1,1,1,0,1,-13402.5854003346,-0.455509,1.0702,0.0047336547
260,FCCCCCCFF,3,0,1,1,1,1,1,1,0,0,-13281.9075482147,-0.340029,1.9696,0.0023307029
261,FCCCCCFCC,2,0,1,1,1,1,1,0,1,1,-13402.5824981532,-0.376536,0.0975,0.0069467677
262,FCCCCCFCF,3,0,1,1,1,1,1,0,1,0,-13281.9138324219,-0.511031,0.5956,0.0040623265
263,FCCCCCFFC,3,0,1,1,1,1,1,0,0,1,-13281.9160856105,-0.572343,0.5228,0.0076180308
264,FCCCCCFFF,4,0,1,1,1,1,1,0,0,0,-13161.2381217648,-0.453823,1.5918,0.0034844539
265,FCCCCFCCC,2,0,1,1,1,1,0,1,1,1,-13402.5837564734,-0.410777,0.2122,0.0101353704
266,FCCCCFCCF,3,0,1,1,1,1,0,1,1,0,-13281.9151983496,-0.548199,0.3481,0.0081052451
267,FCCCCFCFC,3,0,1,1,1,1,0,1,0,1,-13281.9241910494,-0.792903,0.6854,0.0059051602
268,FCCCCFCFF,4,0,1,1,1,1,0,1,0,0,-13161.2433481303,-0.596040,1.7732,0.0060780739
269,FCCCCFFCC,3,0,1,1,1,1,0,0,1,1,-13281.9134910977,-0.501743,0.2575,0.0056864385
270,FCCCCFFCF,4,0,1,1,1,1,0,0,1,0,-13161.2428344175,-0.582061,-0.0592,0.0263528477
271,FCCCCFFFC,4,0,1,1,1,1,0,0,0,1,-13161.2452570893,-0.647985,0.7056,0.0110637840
272,FCCCCFFFF,5,0,1,1,1,1,0,0,0,0,-13040.5677056580,-0.540687,1.4844,0.0027890177
273,FCCCFCCCC,2,0,1,1,1,0,1,1,1,1,-13402.5828879941,-0.387144,0.7588,0.0067221417
274,FCCCFCCCF,3,0,1,1,1,0,1,1,1,0,-13281.9150138393,-0.543179,1.1274,0.0022522530
275,FCCCFCCFC,3,0,1,1,1,0,1,1,0,1,-13281.9198505884,-0.674793,-0.0595,0.0081096640
276,FCCCFCCFF,4,0,1,1,1,0,1,1,0,0,-13161.2417286806,-0.551972,0.8858,0.0043721065
277,FCCCFCFCC,3,0,1,1,1,0,1,0,1,1,-13281.9188574508,-0.647769,-0.1044,0.0073485470
278,FCCCFCFCF,4,0,1,1,1,0,1,0,1,0,-13161.2496536557,-0.767622,0.3006,0.0126027365
279,FCCCFCFFC,4,0,1,1,1,0,1,0,0,1,-13161.2523613255,-0.841301,0.1517,0.0077358923
280,FCCCFCFFF,5,0,1,1,1,0,1,0,0,0,-13040.5741907804,-0.717156,0.8471,0.0105001315
281,FCCCFFCCC,3,0,1,1,1,0,0,1,1,1,-13281.9122303302,-0.467435,0.0672,0.0081603487
282,FCCCFFCCF,4,0,1,1,1,0,0,1,1,0,-13161.2438919527,-0.610838,0.4085,0.0086243023
283,FCCCFFCFC,4,0,1,1,1,0,0,1,0,1,-13161.2524961829,-0.844971,0.3068,0.0088813451
284,FCCCFFCFF,5,0,1,1,1,0,0,1,0,0,-13040.5719494368,-0.656166,0.7783,0.0177307741
285,FCCCFFFCC,4,0,1,1,1,0,0,0,1,1,-13161.2427421312,-0.579549,0.1873,0.0051032470
286,FCCCFFFCF,5,0,1,1,1,0,0,0,1,0,-13040.5722534120,-0.664438,-0.1976,0.0242432413
287,FCCCFFFFC,5,0,1,1,1,0,0,0,0,1,-13040.5734394471,-0.696712,0.6306,0.0153626767
288,FCCCFFFFF,6,0,1,1,1,0,0,0,0,0,-12919.8961220422,-0.595782,1.6436,0.0011828320
289,FCCFCCCCC,2,0,1,1,0,1,1,1,1,1,-13402.5831657497,-0.394702,0.6283,0.0077955861
290,FCCFCCCCF,3,0,1,1,0,1,1,1,1,0,-13281.9148429768,-0.538529,0.2983,0.0072380509
291,FCCFCCCFC,3,0,1,1,0,1,1,1,0,1,-13281.9192266756,-0.657816,0.0768,0.0051803241
292,FCCFCCCFF,4,0,1,1,0,1,1,1,0,0,-13161.2414738468,-0.545038,1.0870,0.0048609925
293,FCCFCCFCC,3,0,1,1,0,1,1,0,1,1,-13281.9161201411,-0.573283,-1.4582,0.0085148767
294,FCCFCCFCF,4,0,1,1,0,1,1,0,1,0,-13161.2472513112,-0.702251,-0.1737,0.0094875423
295,FCCFCCFFC,4,0,1,1,0,1,1,0,0,1,-13161.2500728283,-0.779028,-0.5414,0.0111040379
296,FCCFCCFFF,5,0,1,1,0,1,1,0,0,0,-13040.5716243732,-0.647321,0.1593,0.0111302205
297,FCCFCFCCC,3,0,1,1,0,1,0,1,1,1,-13281.9189391511,-0.649992,-0.7238,0.0138981675
298,FCCFCFCCF,4,0,1,1,0,1,0,1,1,0,-13161.2504329894,-0.788828,-0.5948,0.0077771952
299,FCCFCFCFC,4,0,1,1,0,1,0,1,0,1,-13161.2594396521,-1.033912,-0.2958,0.0108636367
300,FCCFCFCFF,5,0,1,1,0,1,0,1,0,0,-13040.5785360538,-0.835397,0.5780,0.0094046073
301,FCCFCFFCC,4,0,1,1,0,1,0,0,1,1,-13161.2486745921,-0.740980,-0.6978,0.0072496181
302,FCCFCFFCF,5,0,1,1,0,1,0,0,1,0,-13040.5776544300,-0.811407,-1.0719,0.0259569656
303,FCCFCFFFC,5,0,1,1,0,1,0,0,0,1,-13040.5801516212,-0.879359,0.0762,0.0141512433
304,FCCFCFFFF,6,0,1,1,0,1,0,0,0,0,-12919.9026888899,-0.774475,0.5516,0.0042302891
305,FCCFFCCCC,3,0,1,1,0,0,1,1,1,1,-13281.9118216869,-0.456316,-0.2727,0.0113552076
306,FCCFFCCCF,4,0,1,1,0,0,1,1,1,0,-13161.2437819794,-0.607845,0.1024,0.0089295978
307,FCCFFCCFC,4,0,1,1,0,0,1,1,0,1,-13161.2491964442,-0.755180,-0.6415,0.0098083864
308,FCCFFCCFF,5,0,1,1,0,0,1,1,0,0,-13040.5709769115,-0.629703,0.0150,0.0057794927
309,FCCFFCFCC,4,0,1,1,0,0,1,0,1,1,-13161.2476571031,-0.713293,-1.0092,0.0084846428
310,FCCFFCFCF,5,0,1,1,0,0,1,0,1,0,-13040.5777908984,-0.815121,-0.6439,0.0146676114
311,FCCFFCFFC,5,0,1,1,0,0,1,0,0,1,-13040.5807908335,-0.896753,-0.6249,0.0091628050
312,FCCFFCFFF,6,0,1,1,0,0,1,0,0,0,-12919.9026834735,-0.774328,-0.1996,0.0175624707
313,FCCFFFCCC,4,0,1,1,0,0,0,1,1,1,-13161.2406925131,-0.523776,-0.7169,0.0082357743
314,FCCFFFCCF,5,0,1,1,0,0,0,1,1,0,-13040.5719530531,-0.656265,-0.2325,0.0114011030
315,FCCFFFCFC,5,0,1,1,0,0,0,1,0,1,-13040.5803185558,-0.883902,-0.1488,0.0138098952
316,FCCFFFCFF,6,0,1,1,0,0,0,1,0,0,-12919.9003828097,-0.711723,-0.4063,0.0188954410
317,FCCFFFFCC,5,0,1,1,0,0,0,0,1,1,-13040.5707229016,-0.622791,-0.9477,0.0147383939
318,FCCFFFFCF,6,0,1,1,0,0,0,0,1,0,-12919.9002190458,-0.707267,-1.1505,0.0151497752
319,FCCFFFFFC,6,0,1,1,0,0,0,0,0,1,-12919.9007408354,-0.721466,-0.4310,0.0130344753
320,FCCFFFFFF,7,0,1,1,0,0,0,0,0,0,-12799.2234988730,-0.622589,0.3237,0.0108438332
321,FCFCCCCCC,2,0,1,0,1,1,1,1,1,1,-13402.5827402306,-0.383123,0.3296,0.0111500312
322,FCFCCCCCF,3,0,1,0,1,1,1,1,1,0,-13281.9137844324,-0.509725,0.4806,0.0053363954
323,FCFCCCCFC,3,0,1,0,1,1,1,1,0,1,-13281.9203822109,-0.689260,0.7382,0.0105653066
324,FCFCCCCFF,4,0,1,0,1,1,1,1,0,0,-13161.2418036286,-0.554011,1.1332,0.0059088812
325,FCFCCCFCC,3,0,1,0,1,1,1,0,1,1,-13281.9165388466,-0.584676,-0.2287,0.0094018755
326,FCFCCCFCF,4,0,1,0,1,1,1,0,1,0,-13161.2470113399,-0.695721,0.0536,0.0073877697
327,FCFCCCFFC,4,0,1,0,1,1,1,0,0,1,-13161.2493026579,-0.758071,-0.2323,0.0121093413
328,FCFCCCFFF,5,0,1,0,1,1,1,0,0,0,-13040.5722686119,-0.664851,0.6165,0.0051430102
329,FCFCCFCCC,3,0,1,0,1,1,0,1,1,1,-13281.9160934051,-0.572555,-0.6694,0.0103563761
330,FCFCCFCCF,4,0,1,0,1,1,0,1,1,0,-13161.2469448812,-0.693912,-0.6255,0.0076794827
331,FCFCCFCFC,4,0,1,0,1,1,0,1,0,1,-13161.2557358461,-0.933127,-0.8274,0.0121230979
332,FCFCCFCFF,5,0,1,0,1,1,0,1,0,0,-13040.5756296973,-0.756311,0.0479,0.0052579052
333,FCFCCFFCC,4,0,1,0,1,1,0,0,1,1,-13161.2454874686,-0.654254,-0.9626,0.0093077981
334,FCFCCFFCF,5,0,1,0,1,1,0,0,1,0,-13040.5750175763,-0.739655,-0.8716,0.0097930712
335,FCFCCFFFC,5,0,1,0,1,1,0,0,0,1,-13040.5771768264,-0.798411,-0.2417,0.0077044095
336,FCFCCFFFF,6,0,1,0,1,1,0,0,0,0,-12919.9000911286,-0.703786,-0.0223,0.0047730215
337,FCFCFCCCC,3,0,1,0,1,0,1,1,1,1,-13281.9176280628,-0.614315,-0.3894,0.0144138867
338,FCFCFCCCF,4,0,1,0,1,0,1,1,1,0,-13161.2493695237,-0.759890,-0.1625,0.0113255613
339,FCFCFCCFC,4,0,1,0,1,0,1,1,0,1,-13161.2540532669,-0.887341,-0.8228,0.0121940933
340,FCFCFCCFF,5,0,1,0,1,0,1,1,0,0,-13040.5764706261,-0.779194,-0.4891,0.0056713982
341,FCFCFCFCC,4,0,1,0,1,0,1,0,1,1,-13161.2525662420,-0.846877,-1.1169,0.0140397086
342,FCFCFCFCF,5,0,1,0,1,0,1,0,1,0,-13040.5834333141,-0.968659,-0.8802,0.0062832847
343,FCFCFCFFC,5,0,1,0,1,0,1,0,0,1,-13040.5858015555,-1.033102,-1.1027,0.0165136829
344,FCFCFCFFF,6,0,1,0,1,0,1,0,0,0,-12919.9077931892,-0.913370,-0.3153,0.0077262013
345,FCFCFFCCC,4,0,1,0,1,0,0,1,1,1,-13161.2459126625,-0.665824,-1.3205,0.0139498381
346,FCFCFFCCF,5,0,1,0,1,0,0,1,1,0,-13040.5775798334,-0.809377,-0.8416,0.0114958487
347,FCFCFFCFC,5,0,1,0,1,0,0,1,0,1,-13040.5857553930,-1.031846,-0.8517,0.0238390342
348,FCFCFFCFF,6,0,1,0,1,0,0,1,0,0,-12919.9055987279,-0.853656,-0.5162,0.0088863387
349,FCFCFFFCC,5,0,1,0,1,0,0,0,1,1,-13040.5764710539,-0.779206,-1.2657,0.0167231329
350,FCFCFFFCF,6,0,1,0,1,0,0,0,1,0,-12919.9059040688,-0.861965,-1.7515,0.0132239069
351,FCFCFFFFC,6,0,1,0,1,0,0,0,0,1,-12919.9070736734,-0.893791,-0.9874,0.0149172938
352,FCFCFFFFF,7,0,1,0,1,0,0,0,0,0,-12799.2294312169,-0.784016,0.2060,0.0111368777
353,FCFFCCCCC,3,0,1,0,0,1,1,1,1,1,-13281.9108943347,-0.431081,-0.0620,0.0122909529
354,FCFFCCCCF,4,0,1,0,0,1,1,1,1,0,-13161.2423054816,-0.567668,0.2152,0.0093122834
355,FCFFCCCFC,4,0,1,0,0,1,1,1,0,1,-13161.2465184427,-0.682308,-0.1707,0.0124365105
356,FCFFCCCFF,5,0,1,0,0,1,1,1,0,0,-13040.5693264232,-0.584790,0.7799,0.0105743415
357,FCFFCCFCC,4,0,1,0,0,1,1,0,1,1,-13161.2436528645,-0.604332,-1.8777,0.0099374009
358,FCFFCCFCF,5,0,1,0,0,1,1,0,1,0,-13040.5743207650,-0.720693,-0.6339,0.0089108606
359,FCFFCCFFC,5,0,1,0,0,1,1,0,0,1,-13040.5773371744,-0.802774,-1.1218,0.0119069750
360,FCFFCCFFF,6,0,1,0,0,1,1,0,0,0,-12919.8995973217,-0.690349,-0.7327,0.0055274892
361,FCFFCFCCC,4,0,1,0,0,1,0,1,1,1,-13161.2456177189,-0.657798,-1.2296,0.0152409016
362,FCFFCFCCF,5,0,1,0,0,1,0,1,1,0,-13040.5775268091,-0.807934,-1.0381,0.0178608149
363,FCFFCFCFC,5,0,1,0,0,1,0,1,0,1,-13040.5856026519,-1.027689,-1.1739,0.0257918793
364,FCFFCFCFF,6,0,1,0,0,1,0,1,0,0,-12919.9052008763,-0.842830,-0.6208,0.0083275633
365,FCFFCFFCC,5,0,1,0,0,1,0,0,1,1,-13040.5749642092,-0.738202,-1.5014,0.0207485533
366,FCFFCFFCF,6,0,1,0,0,1,0,0,1,0,-12919.9045426970,-0.824920,-1.8335,0.0130048263
367,FCFFCFFFC,6,0,1,0,0,1,0,0,0,1,-12919.9070085455,-0.892019,-0.8951,0.0135400200
368,FCFFCFFFF,7,0,1,0,0,1,0,0,0,0,-12799.2291787587,-0.777147,-0.3653,0.0064209948
369,FCFFFCCCC,4,0,1,0,0,0,1,1,1,1,-13161.2396584384,-0.495638,-0.2966,0.0179063171
370,FCFFFCCCF,5,0,1,0,0,0,1,1,1,0,-13040.5718433080,-0.653278,0.0129,0.0123392724
371,FCFFFCCFC,5,0,1,0,0,0,1,1,0,1,-13040.5765312228,-0.780843,-1.0261,0.0179728034
372,FCFFFCCFF,6,0,1,0,0,0,1,1,0,0,-12919.8984632820,-0.659490,-0.4084,0.0089123003
373,FCFFFCFCC,5,0,1,0,0,0,1,0,1,1,-13040.5757180694,-0.758716,-1.1593,0.0125683936
374,FCFFFCFCF,6,0,1,0,0,0,1,0,1,0,-12919.9062353991,-0.870980,-1.2861,0.0138308706
375,FCFFFCFFC,6,0,1,0,0,0,1,0,0,1,-12919.9089005992,-0.943504,-1.0597,0.0146230032
376,FCFFFCFFF,7,0,1,0,0,0,1,0,0,0,-12799.2306751151,-0.817864,-0.1422,0.0069657222
377,FCFFFFCCC,5,0,1,0,0,0,0,1,1,1,-13040.5681773992,-0.553524,-1.0881,0.0107889869
378,FCFFFFCCF,6,0,1,0,0,0,0,1,1,0,-12919.9001540747,-0.705499,-0.7713,0.0138129454
379,FCFFFFCFC,6,0,1,0,0,0,0,1,0,1,-12919.9081644041,-0.923471,-0.5263,0.0141444575
380,FCFFFFCFF,7,0,1,0,0,0,0,1,0,0,-12799.2281262439,-0.748506,-0.2712,0.0117613122
381,FCFFFFFCC,6,0,1,0,0,0,0,0,1,1,-12919.8978858650,-0.643778,-1.2028,0.0160406581
382,FCFFFFFCF,7,0,1,0,0,0,0,0,1,0,-12799.2272831590,-0.725565,-0.0057,0.0131367952
383,FCFFFFFFC,7,0,1,0,0,0,0,0,0,1,-12799.2277050485,-0.737045,-0.4016,0.0165053618
384,FCFFFFFFF,8,0,1,0,0,0,0,0,0,0,-12678.5504508231,-0.637834,0.6289,0.0081400958
385,FFCCCCCCC,2,0,0,1,1,1,1,1,1,1,-13402.5746134891,-0.161983,1.3995,0.0064940770
386,FFCCCCCCF,3,0,0,1,1,1,1,1,1,0,-13281.9059615148,-0.296852,1.4755,0.0034902357
387,FFCCCCCFC,3,0,0,1,1,1,1,1,0,1,-13281.9126019634,-0.477548,1.3855,0.0068469192
388,FFCCCCCFF,4,0,0,1,1,1,1,1,0,0,-13161.2337540545,-0.334971,1.9297,0.0044832029
389,FFCCCCFCC,3,0,0,1,1,1,1,0,1,1,-13281.9092367009,-0.385975,0.6538,0.0049659499
390,FFCCCCFCF,4,0,0,1,1,1,1,0,1,0,-13161.2402003917,-0.510385,1.4525,0.0070513078
391,FFCCCCFFC,4,0,0,1,1,1,1,0,0,1,-13161.2431573810,-0.590849,1.3178,0.0065904755
392,FFCCCCFFF,5,0,0,1,1,1,1,0,0,0,-13040.5655182978,-0.481166,1.9950,0.0014882267
393,FFCCCFCCC,3,0,0,1,1,1,0,1,1,1,-13281.9084377697,-0.364235,0.1428,0.0076986418
394,FFCCCFCCF,4,0,0,1,1,1,0,1,1,0,-13161.2399556211,-0.503725,0.9202,0.0071181975
395,FFCCCFCFC,4,0,0,1,1,1,0,1,0,1,-13161.2487953667,-0.744266,0.5497,0.0170845400
396,FFCCCFCFF,5,0,0,1,1,1,0,1,0,0,-13040.5684006746,-0.559599,1.6946,0.0072288868
397,FFCCCFFCC,4,0,0,1,1,1,0,0,1,1,-13161.2386925495,-0.469355,0.2992,0.0064141080
398,FFCCCFFCF,5,0,0,1,1,1,0,0,1,0,-13040.5681875542,-0.553800,0.5438,0.0157172312
399,FFCCCFFFC,5,0,0,1,1,1,0,0,0,1,-13040.5703511457,-0.612675,1.1444,0.0086210521
400,FFCCCFFFF,6,0,0,1,1,1,0,0,0,0,-12919.8930808043,-0.513026,1.6014,0.0019570532
401,FFCCFCCCC,3,0,0,1,1,0,1,1,1,1,-13281.9076611167,-0.343101,0.1885,0.0094915982
402,FFCCFCCCF,4,0,0,1,1,0,1,1,1,0,-13161.2395551450,-0.492827,0.4512,0.0050073058
403,FFCCFCCFC,4,0,0,1,1,0,1,1,0,1,-13161.2443751084,-0.623985,-0.5905,0.0065704505
404,FFCCFCCFF,5,0,0,1,1,0,1,1,0,0,-13040.5663164893,-0.502886,0.5768,0.0027045359
405,FFCCFCFCC,4,0,0,1,1,0,1,0,1,1,-13161.2428576912,-0.582694,-0.5194,0.0099771362
406,FFCCFCFCF,5,0,0,1,1,0,1,0,1,0,-13040.5739287575,-0.710026,-0.2373,0.0055119862
407,FFCCFCFFC,5,0,0,1,1,0,1,0,0,1,-13040.5766542876,-0.784192,-0.4526,0.0038226887
408,FFCCFCFFF,6,0,0,1,1,0,1,0,0,0,-12919.8985092479,-0.660741,0.1422,0.0096150706
409,FFCCFFCCC,4,0,0,1,1,0,0,1,1,1,-13161.2371981941,-0.428691,-0.2563,0.0078872936
410,FFCCFFCCF,5,0,0,1,1,0,0,1,1,0,-13040.5689062108,-0.573356,-0.0653,0.0067014598
411,FFCCFFCFC,5,0,0,1,1,0,0,1,0,1,-13040.5770972234,-0.796245,-0.1899,0.0077303562
412,FFCCFFCFF,6,0,0,1,1,0,0,1,0,0,-12919.8966151605,-0.609200,0.4957,0.0080901156
413,FFCCFFFCC,5,0,0,1,1,0,0,0,1,1,-13040.5673557003,-0.531164,-0.8600,0.0073419999
414,FFCCFFFCF,6,0,0,1,1,0,0,0,1,0,-12919.8964358059,-0.604320,-0.9227,0.0133029201
415,FFCCFFFFC,6,0,0,1,1,0,0,0,0,1,-12919.8982215333,-0.652912,-0.0309,0.0091832088
416,FFCCFFFFF,7,0,0,1,1,0,0,0,0,0,-12799.2205927446,-0.543509,0.8919,0.0032940133
417,FFCFCCCCC,3,0,0,1,0,1,1,1,1,1,-13281.9100514196,-0.408144,0.9713,0.0061608076
418,FFCFCCCCF,4,0,0,1,0,1,1,1,1,0,-13161.2413006558,-0.540325,1.1000,0.0112368577
419,FFCFCCCFC,4,0,0,1,0,1,1,1,0,1,-13161.2460411402,-0.669320,0.7458,0.0096222686
420,FFCFCCCFF,5,0,0,1,0,1,1,1,0,0,-13040.5683809229,-0.559062,1.5585,0.0117998579
421,FFCFCCFCC,4,0,0,1,0,1,1,0,1,1,-13161.2425358635,-0.573937,-0.9228,0.0081450298
422,FFCFCCFCF,5,0,0,1,0,1,1,0,1,0,-13040.5736337810,-0.702000,-0.2218,0.0146625942
423,FFCFCCFFC,5,0,0,1,0,1,1,0,0,1,-13040.5762656058,-0.773615,-0.2929,0.0103364270
424,FFCFCCFFF,6,0,0,1,0,1,1,0,0,0,-12919.8984575921,-0.659335,0.2094,0.0064820177
425,FFCFCFCCC,4,0,0,1,0,1,0,1,1,1,-13161.2450529988,-0.642431,0.0355,0.0090051883
426,FFCFCFCCF,5,0,0,1,0,1,0,1,1,0,-13040.5764321277,-0.778147,-0.0174,0.0151969004
427,FFCFCFCFC,5,0,0,1,0,1,0,1,0,1,-13040.5849546606,-1.010057,-0.3504,0.0184358263
428,FFCFCFCFF,6,0,0,1,0,1,0,1,0,0,-12919.9043366231,-0.819312,0.7142,0.0095605492
429,FFCFCFFCC,5,0,0,1,0,1,0,0,1,1,-13040.5739304801,-0.710073,-0.4131,0.0139096546
430,FFCFCFFCF,6,0,0,1,0,1,0,0,1,0,-12919.9038804105,-0.806898,-1.2142,0.0101961943
431,FFCFCFFFC,6,0,0,1,0,1,0,0,0,1,-12919.9062149374,-0.870424,-0.2250,0.0199090882
432,FFCFCFFFF,7,0,0,1,0,1,0,0,0,0,-12799.2282977913,-0.753174,0.3538,0.0050949983
433,FFCFFCCCC,4,0,0,1,0,0,1,1,1,1,-13161.2387745256,-0.471585,0.1543,0.0119645693
434,FFCFFCCCF,5,0,0,1,0,0,1,1,1,0,-13040.5707075038,-0.622372,0.2001,0.0157806960
435,FFCFFCCFC,5,0,0,1,0,0,1,1,0,1,-13040.5753660555,-0.749137,-0.4414,0.0178341230
436,FFCFFCCFF,6,0,0,1,0,0,1,1,0,0,-12919.8975150086,-0.633686,0.0561,0.0101439821
437,FFCFFCFCC,5,0,0,1,0,0,1,0,1,1,-13040.5737555516,-0.705313,-1.1334,0.0254192327
438,FFCFFCFCF,6,0,0,1,0,0,1,0,1,0,-12919.9045746031,-0.825788,-0.8027,0.0093085717
439,FFCFFCFFC,6,0,0,1,0,0,1,0,0,1,-12919.9073519122,-0.901362,-0.6274,0.0146758592
440,FFCFFCFFF,7,0,0,1,0,0,1,0,0,0,-12799.2291675641,-0.776842,-0.1549,0.0055148491
441,FFCFFFCCC,5,0,0,1,0,0,0,1,1,1,-13040.5678090496,-0.543501,-0.4924,0.0071707737
442,FFCFFFCCF,6,0,0,1,0,0,0,1,1,0,-12919.8994525002,-0.686408,-0.1566,0.0082588806
443,FFCFFFCFC,6,0,0,1,0,0,0,1,0,1,-12919.9076378205,-0.909142,0.0184,0.0076877391
444,FFCFFFCFF,7,0,0,1,0,0,0,1,0,0,-12799.2275522103,-0.732886,0.0790,0.0075776867
445,FFCFFFFCC,6,0,0,1,0,0,0,0,1,1,-12919.8978096749,-0.641705,-0.6067,0.0166809174
446,FFCFFFFCF,7,0,0,1,0,0,0,0,1,0,-12799.2274443255,-0.729950,-0.8157,0.0125254263
447,FFCFFFFFC,7,0,0,1,0,0,0,0,0,1,-12799.2281615638,-0.749467,-0.1128,0.0084114422
448,FFCFFFFFF,8,0,0,1,0,0,0,0,0,0,-12678.5504513797,-0.637849,0.7435,0.0117320296
449,FFFCCCCCC,3,0,0,0,1,1,1,1,1,1,-13281.9070029390,-0.325191,1.2381,0.0031611642
450,FFFCCCCCF,4,0,0,0,1,1,1,1,1,0,-13161.2370074521,-0.423501,1.4488,0.0078506701
451,FFFCCCCFC,4,0,0,0,1,1,1,1,0,1,-13161.2441036790,-0.616599,1.4420,0.0066934738
452,FFFCCCCFF,5,0,0,0,1,1,1,1,0,0,-13040.5655733168,-0.482663,1.7864,0.0038469739
453,FFFCCCFCC,4,0,0,0,1,1,1,0,1,1,-13161.2402938231,-0.512928,0.3182,0.0076951169
454,FFFCCCFCF,5,0,0,0,1,1,1,0,1,0,-13040.5709022004,-0.627670,0.5827,0.0093683507
455,FFFCCCFFC,5,0,0,0,1,1,1,0,0,1,-13040.5728193348,-0.679837,0.8235,0.0087427675
456,FFFCCCFFF,6,0,0,0,1,1,1,0,0,0,-12919.8961777681,-0.597298,1.8043,0.0016411346
457,FFFCCFCCC,4,0,0,0,1,1,0,1,1,1,-13161.2390783524,-0.479853,-0.4081,0.0084461594
458,FFFCCFCCF,5,0,0,0,1,1,0,1,1,0,-13040.5705956330,-0.619327,-0.3361,0.0087210972
459,FFFCCFCFC,5,0,0,0,1,1,0,1,0,1,-13040.5785572853,-0.835975,-0.3669,0.0144076177
460,FFFCCFCFF,6,0,0,0,1,1,0,1,0,0,-12919.8989730900,-0.673363,0.3962,0.0046979950
461,FFFCCFFCC,5,0,0,0,1,1,0,0,1,1,-13040.5689271397,-0.573925,-0.7806,0.0150502596
462,FFFCCFFCF,6,0,0,0,1,1,0,0,1,0,-12919.8986215116,-0.663796,-0.9865,0.0133896462
463,FFFCCFFFC,6,0,0,0,1,1,0,0,0,1,-12919.9010879695,-0.730912,-0.3271,0.0114132441
464,FFFCCFFFF,7,0,0,0,1,1,0,0,0,0,-12799.2236184085,-0.625842,0.5901,0.0043943244
465,FFFCFCCCC,4,0,0,0,1,0,1,1,1,1,-13161.2415082726,-0.545974,0.3173,0.0092912217
466,FFFCFCCCF,5,0,0,0,1,0,1,1,1,0,-13040.5730594978,-0.686373,0.5391,0.0081950733
467,FFFCFCCFC,5,0,0,0,1,0,1,1,0,1,-13040.5774629663,-0.806197,-0.2825,0.0095370142
468,FFFCFCCFF,6,0,0,0,1,0,1,1,0,0,-12919.8999264993,-0.699306,0.3002,0.0066079168
469,FFFCFCFCC,5,0,0,0,1,0,1,0,1,1,-13040.5769355990,-0.791847,-0.6383,0.0069886930
470,FFFCFCFCF,6,0,0,0,1,0,1,0,1,0,-12919.9070850685,-0.894101,-0.4855,0.0126826897
471,FFFCFCFFC,6,0,0,0,1,0,1,0,0,1,-12919.9097244742,-0.965923,-0.3731,0.0133408977
472,FFFCFCFFF,7,0,0,0,1,0,1,0,0,0,-12799.2318608388,-0.850130,0.4305,0.0072791894
473,FFFCFFCCC,5,0,0,0,1,0,0,1,1,1,-13040.5700334713,-0.604030,-0.3037,0.0099604802
474,FFFCFFCCF,6,0,0,0,1,0,0,1,1,0,-12919.9017558601,-0.749086,-0.0671,0.0109499778
475,FFFCFFCFC,6,0,0,0,1,0,0,1,0,1,-12919.9098997972,-0.970694,0.0536,0.0111115524
476,FFFCFFCFF,7,0,0,0,1,0,0,1,0,0,-12799.2296113615,-0.788918,0.2988,0.0118033866
477,FFFCFFFCC,6,0,0,0,1,0,0,0,1,1,-12919.9002471352,-0.708031,-0.3544,0.0136067136
478,FFFCFFFCF,7,0,0,0,1,0,0,0,1,0,-12799.2296997836,-0.791324,-0.2127,0.0244527633
479,FFFCFFFFC,7,0,0,0,1,0,0,0,0,1,-12799.2313545124,-0.836352,0.3497,0.0118517782
480,FFFCFFFFF,8,0,0,0,1,0,0,0,0,0,-12678.5536039637,-0.723636,0.9123,0.0062284846
481,FFFFCCCCC,4,0,0,0,0,1,1,1,1,1,-13161.2349771520,-0.368254,1.1034,0.0054062709
482,FFFFCCCCF,5,0,0,0,0,1,1,1,1,0,-13040.5664140793,-0.505541,1.5124,0.0053646586
483,FFFFCCCFC,5,0,0,0,0,1,1,1,0,1,-13040.5703286120,-0.612061,0.5199,0.0100146064
484,FFFFCCCFF,6,0,0,0,0,1,1,1,0,0,-12919.8931781636,-0.515675,1.5416,0.0020987588
485,FFFFCCFCC,5,0,0,0,0,1,1,0,1,1,-13040.5678304328,-0.544082,-0.7520,0.0034985314
486,FFFFCCFCF,6,0,0,0,0,1,1,0,1,0,-12919.8988872469,-0.671027,0.3028,0.0052380967
487,FFFFCCFFC,6,0,0,0,0,1,1,0,0,1,-12919.9015981992,-0.744796,-0.0769,0.0046697013
488,FFFFCCFFF,7,0,0,0,0,1,1,0,0,0,-12799.2237189543,-0.628578,0.6979,0.0048776967
489,FFFFCFCCC,5,0,0,0,0,1,0,1,1,1,-13040.5694397714,-0.587875,0.2589,0.0063495232
490,FFFFCFCCF,6,0,0,0,0,1,0,1,1,0,-12919.9017001426,-0.747570,0.1151,0.0063472854
491,FFFFCFCFC,6,0,0,0,0,1,0,1,0,1,-12919.9097737828,-0.967265,0.0378,0.0065856245
492,FFFFCFCFF,7,0,0,0,0,1,0,1,0,0,-12799.2291635963,-0.776734,0.6858,0.0061492579
493,FFFFCFFCC,6,0,0,0,0,1,0,0,1,1,-12919.8991115706,-0.677131,-0.3319,0.0047493989
494,FFFFCFFCF,7,0,0,0,0,1,0,0,1,0,-12799.2285643571,-0.760428,-0.1697,0.0183245819
495,FFFFCFFFC,7,0,0,0,0,1,0,0,0,1,-12799.2312128352,-0.832497,0.3909,0.0072879198
496,FFFFCFFFF,8,0,0,0,0,1,0,0,0,0,-12678.5529945604,-0.707053,0.9480,0.0021229991
497,FFFFFCCCC,5,0,0,0,0,0,1,1,1,1,-13040.5624756274,-0.398371,0.8181,0.0048018427
498,FFFFFCCCF,6,0,0,0,0,0,1,1,1,0,-12919.8949287591,-0.563311,0.9728,0.0020642473
499,FFFFFCCFC,6,0,0,0,0,0,1,1,0,1,-12919.8997804864,-0.695333,-0.0728,0.0062483695
500,FFFFFCCFF,7,0,0,0,0,0,1,1,0,0,-12799.2214343148,-0.566409,0.8232,0.0060280309
501,FFFFFCFCC,6,0,0,0,0,0,1,0,1,1,-12919.8985106569,-0.660779,-0.1532,0.0052952960
502,FFFFFCFCF,7,0,0,0,0,0,1,0,1,0,-12799.2292062640,-0.777895,0.2164,0.0152109822
503,FFFFFCFFC,7,0,0,0,0,0,1,0,0,1,-12799.2319734637,-0.853194,0.2367,0.0090110690
504,FFFFFCFFF,8,0,0,0,0,0,1,0,0,0,-12678.5538592274,-0.730582,0.9121,0.0086133642
505,FFFFFFCCC,6,0,0,0,0,0,0,1,1,1,-12919.8907604537,-0.449886,-0.3340,0.0031677534
506,FFFFFFCCF,7,0,0,0,0,0,0,1,1,0,-12799.2226353797,-0.599092,0.0615,0.0116989246
507,FFFFFFCFC,7,0,0,0,0,0,0,1,0,1,-12799.2309297317,-0.824793,0.3712,0.0049556311
508,FFFFFFCFF,8,0,0,0,0,0,0,1,0,0,-12678.5505649019,-0.640939,0.6820,0.0190571578
509,FFFFFFFCC,7,0,0,0,0,0,0,0,1,1,-12799.2203411053,-0.536662,0.0003,0.0043972268
510,FFFFFFFCF,8,0,0,0,0,0,0,0,1,0,-12678.5498807922,-0.622323,-0.1638,0.0233304028
511,FFFFFFFFC,8,0,0,0,0,0,0,0,0,1,-12678.5501927943,-0.630813,0.3778,0.0302690511
512,FFFFFFFFF,9,0,0,0,0,0,0,0,0,0,-12557.8729411000,-0.531671,1.7814,0.0005323493
